fold,spec,model,RMSE,MAE,R2,MASE,n_train,n_test
1,A1_WDI_only,RandomForest,4.2918752930115405,3.1794230746789833,0.9425115149441666,0.8324410919410483,346,74
2,A1_WDI_only,RandomForest,3.142355454702711,2.3005690652777484,0.9615029562351094,0.6305252447750369,409,74
3,A1_WDI_only,RandomForest,4.503715724220412,3.3627862755535793,0.824004098589894,1.02999545233761,472,74
4,A1_WDI_only,RandomForest,2.8283348318062154,2.265143086980381,0.9419226108367722,0.7418190297219294,535,74
5,A1_WDI_only,RandomForest,4.910674617193733,3.0608161055423784,0.8082194590563757,1.029388578318278,598,74
1,A1_WDI_only,XGBoost,3.261963552988566,2.1467584980181624,0.9667918345698236,0.562067377083623,346,74
2,A1_WDI_only,XGBoost,2.4228950832384673,1.6346336957044747,0.9771131523513711,0.4480099409565664,409,74
3,A1_WDI_only,XGBoost,3.1707339483409034,2.239124258203167,0.9127671183230076,0.6858264588309072,472,74
4,A1_WDI_only,XGBoost,2.8409056143885034,2.078170510218372,0.9414052034405166,0.6805867763268026,535,74
5,A1_WDI_only,XGBoost,3.5857798037416457,2.0682481710596727,0.8977438456628651,0.6955762682251143,598,74
1,A1_WDI_only,SARIMAX,2.638925451337466,1.9016641260960818,0.9782659371350617,0.49789641845395954,346,74
2,A1_WDI_only,SARIMAX,2.2127066932336192,1.483666416847685,0.9809118226897374,0.4066337954233279,409,74
3,A1_WDI_only,SARIMAX,2.4664030462261572,1.7509108560579774,0.9472176514224413,0.5362904661228847,472,74
4,A1_WDI_only,SARIMAX,1.8626272334460199,1.2989915015129267,0.9748117881377928,0.42541092472614195,535,74
5,A1_WDI_only,SARIMAX,3.4379316373959625,1.9248696122100386,0.9060024151192736,0.6473563668111432,598,74
1,A1_WDI_only,LSTM,2.5972594250661936,1.9474607528640213,0.9789468377568555,0.5098869567052331,346,74
2,A1_WDI_only,LSTM,1.6940441817484206,1.2973125232999823,0.9888116452781105,0.3555591130252315,409,74
3,A1_WDI_only,LSTM,2.170077233520337,1.6183921696934358,0.9591388113802565,0.49570101644613934,472,74
4,A1_WDI_only,LSTM,2.012826047160621,1.552893518607998,0.9705857399098989,0.5085621168289735,535,74
5,A1_WDI_only,LSTM,2.6942683005950125,1.59363840811998,0.9422696879526299,0.5359594038719085,598,74
1,A1_WDI_only,Bayes_Partial,14.783903307213093,11.682303460251376,0.31787353067569235,3.0586773827890865,346,74
2,A1_WDI_only,Bayes_Partial,11.899958319916145,10.014472198322997,0.4479128461846965,2.744702443166197,409,74
3,A1_WDI_only,Bayes_Partial,10.209786224669495,8.355377091829382,0.095530530321287,2.559187442185393,472,74
4,A1_WDI_only,Bayes_Partial,9.76806438380478,8.094054387340613,0.30727243790712433,2.6507480285220253,535,74
5,A1_WDI_only,Bayes_Partial,10.319889081983403,8.599548094481902,0.1530217048788195,2.8921295111879166,598,74
1,A1_WDI_only,Bayes_Complete,14.783903307213093,11.682303460251376,0.31787353067569235,3.0586773827890865,346,74
2,A1_WDI_only,Bayes_Complete,11.899958319916145,10.014472198322997,0.4479128461846965,2.744702443166197,409,74
3,A1_WDI_only,Bayes_Complete,10.209786224669495,8.355377091829382,0.095530530321287,2.559187442185393,472,74
4,A1_WDI_only,Bayes_Complete,9.76806438380478,8.094054387340613,0.30727243790712433,2.6507480285220253,535,74
5,A1_WDI_only,Bayes_Complete,10.319889081983403,8.599548094481902,0.1530217048788195,2.8921295111879166,598,74
1,A2_WDI_PCA1,RandomForest,4.652362550530098,3.375863810049716,0.9324486896505815,0.8838734859360582,346,74
2,A2_WDI_PCA1,RandomForest,3.318518189688588,2.4430056854999904,0.9570656229117429,0.6695633619896207,409,74
3,A2_WDI_PCA1,RandomForest,5.043221423337469,3.908099405218151,0.7793130325350904,1.1970206503817635,472,74
4,A2_WDI_PCA1,RandomForest,3.0761310498455736,2.4425159381342545,0.9313002577868895,0.7999074379546224,535,74
5,A2_WDI_PCA1,RandomForest,4.943189726947559,3.192351466506917,0.8056713733859966,1.0736254725167536,598,74
1,A2_WDI_PCA1,XGBoost,3.3076556350016326,2.150337682803034,0.9658549894059987,0.5630044843576771,346,74
2,A2_WDI_PCA1,XGBoost,2.41326261478843,1.65777755486262,0.9772947686458681,0.4543530617439298,409,74
3,A2_WDI_PCA1,XGBoost,3.155683639804762,2.2554777388195357,0.9135932777683975,0.690835403582229,472,74
4,A2_WDI_PCA1,XGBoost,2.886648128953491,2.1178607189297085,0.9395030977333928,0.6935850510428403,535,74
5,A2_WDI_PCA1,XGBoost,3.5692282190327482,2.170449384387742,0.898685674379727,0.7299477423883889,598,74
1,A2_WDI_PCA1,SARIMAX,2.638925451337466,1.9016641260960818,0.9782659371350617,0.49789641845395954,346,74
2,A2_WDI_PCA1,SARIMAX,2.2127066932336192,1.483666416847685,0.9809118226897374,0.4066337954233279,409,74
3,A2_WDI_PCA1,SARIMAX,2.4664030462261572,1.7509108560579774,0.9472176514224413,0.5362904661228847,472,74
4,A2_WDI_PCA1,SARIMAX,1.8626272334460199,1.2989915015129267,0.9748117881377928,0.42541092472614195,535,74
5,A2_WDI_PCA1,SARIMAX,3.4379316373959625,1.9248696122100386,0.9060024151192736,0.6473563668111432,598,74
1,A2_WDI_PCA1,LSTM,2.581025878396334,1.9376435329233552,0.9792091907745741,0.5073165981542377,346,74
2,A2_WDI_PCA1,LSTM,1.7215781742835097,1.3227371844193023,0.988444991808382,0.36252734141599546,409,74
3,A2_WDI_PCA1,LSTM,2.140240983046011,1.609920502488534,0.96025468289801,0.4931062102408802,472,74
4,A2_WDI_PCA1,LSTM,2.0288184544653616,1.5670129109296738,0.9701164757420301,0.5131861222494396,535,74
5,A2_WDI_PCA1,LSTM,2.731618325424657,1.6082397464424367,0.940657989340705,0.5408700062665057,598,74
1,A2_WDI_PCA1,Bayes_Partial,14.783903307213093,11.682303460251376,0.31787353067569235,3.0586773827890865,346,74
2,A2_WDI_PCA1,Bayes_Partial,11.899958319916145,10.014472198322997,0.4479128461846965,2.744702443166197,409,74
3,A2_WDI_PCA1,Bayes_Partial,10.209786224669495,8.355377091829382,0.095530530321287,2.559187442185393,472,74
4,A2_WDI_PCA1,Bayes_Partial,9.76806438380478,8.094054387340613,0.30727243790712433,2.6507480285220253,535,74
5,A2_WDI_PCA1,Bayes_Partial,10.319889081983403,8.599548094481902,0.1530217048788195,2.8921295111879166,598,74
1,A2_WDI_PCA1,Bayes_Complete,14.783903307213093,11.682303460251376,0.31787353067569235,3.0586773827890865,346,74
2,A2_WDI_PCA1,Bayes_Complete,11.899958319916145,10.014472198322997,0.4479128461846965,2.744702443166197,409,74
3,A2_WDI_PCA1,Bayes_Complete,10.209786224669495,8.355377091829382,0.095530530321287,2.559187442185393,472,74
4,A2_WDI_PCA1,Bayes_Complete,9.76806438380478,8.094054387340613,0.30727243790712433,2.6507480285220253,535,74
5,A2_WDI_PCA1,Bayes_Complete,10.319889081983403,8.599548094481902,0.1530217048788195,2.8921295111879166,598,74
1,A3_WDI_6WGI,RandomForest,4.406984680062964,3.2992772792235705,0.9393864448937977,0.8638214910138882,346,74
2,A3_WDI_6WGI,RandomForest,3.138764910407223,2.2304687931926366,0.9615908815973294,0.6113126108739871,409,74
3,A3_WDI_6WGI,RandomForest,5.068056681188609,3.8693027296945433,0.7771341423468949,1.1851375284463515,472,74
4,A3_WDI_6WGI,RandomForest,2.949629851942698,2.3695981763359093,0.936834421136106,0.776027364498048,535,74
5,A3_WDI_6WGI,RandomForest,4.841239854338379,3.0593641267760368,0.8136045006528282,1.0289002607237232,598,74
1,A3_WDI_6WGI,XGBoost,3.200925913264263,2.1529930721645703,0.9680229850398007,0.5636997221941419,346,74
2,A3_WDI_6WGI,XGBoost,2.249042135793403,1.6318273450380967,0.9802797713824419,0.44724079432778263,409,74
3,A3_WDI_6WGI,XGBoost,3.1309857138228367,2.1608442615707615,0.9149405076852433,0.6618499007229708,472,74
4,A3_WDI_6WGI,XGBoost,2.965556675046048,2.142521633868403,0.9361504417058616,0.7016613337717449,535,74
5,A3_WDI_6WGI,XGBoost,3.8358017975905394,2.3002997066889628,0.8829868855556222,0.7736179381985151,598,74
1,A3_WDI_6WGI,SARIMAX,2.638925451337466,1.9016641260960818,0.9782659371350617,0.49789641845395954,346,74
2,A3_WDI_6WGI,SARIMAX,2.2127066932336192,1.483666416847685,0.9809118226897374,0.4066337954233279,409,74
3,A3_WDI_6WGI,SARIMAX,2.4664030462261572,1.7509108560579774,0.9472176514224413,0.5362904661228847,472,74
4,A3_WDI_6WGI,SARIMAX,1.8626272334460199,1.2989915015129267,0.9748117881377928,0.42541092472614195,535,74
5,A3_WDI_6WGI,SARIMAX,3.4379316373959625,1.9248696122100386,0.9060024151192736,0.6473563668111432,598,74
1,A3_WDI_6WGI,LSTM,2.8434682779082707,2.156598599337351,0.9747661538659297,0.5646437264698345,346,74
2,A3_WDI_6WGI,LSTM,1.7948265464024626,1.3866040358081206,0.9874408071244414,0.38003155926919163,409,74
3,A3_WDI_6WGI,LSTM,2.190066896615789,1.6520709039253636,0.9583825586866602,0.5060165525096563,472,74
4,A3_WDI_6WGI,LSTM,2.019026199175191,1.5481562089049485,0.9704042500411642,0.5070106799649592,535,74
5,A3_WDI_6WGI,LSTM,2.7742024140411594,1.6195657297702735,0.9387933637240069,0.5446790681225209,598,74
1,A3_WDI_6WGI,Bayes_Partial,14.783903307213093,11.682303460251376,0.31787353067569235,3.0586773827890865,346,74
2,A3_WDI_6WGI,Bayes_Partial,11.899958319916145,10.014472198322997,0.4479128461846965,2.744702443166197,409,74
3,A3_WDI_6WGI,Bayes_Partial,10.209786224669495,8.355377091829382,0.095530530321287,2.559187442185393,472,74
4,A3_WDI_6WGI,Bayes_Partial,9.76806438380478,8.094054387340613,0.30727243790712433,2.6507480285220253,535,74
5,A3_WDI_6WGI,Bayes_Partial,10.319889081983403,8.599548094481902,0.1530217048788195,2.8921295111879166,598,74
1,A3_WDI_6WGI,Bayes_Complete,14.783903307213093,11.682303460251376,0.31787353067569235,3.0586773827890865,346,74
2,A3_WDI_6WGI,Bayes_Complete,11.899958319916145,10.014472198322997,0.4479128461846965,2.744702443166197,409,74
3,A3_WDI_6WGI,Bayes_Complete,10.209786224669495,8.355377091829382,0.095530530321287,2.559187442185393,472,74
4,A3_WDI_6WGI,Bayes_Complete,9.76806438380478,8.094054387340613,0.30727243790712433,2.6507480285220253,535,74
5,A3_WDI_6WGI,Bayes_Complete,10.319889081983403,8.599548094481902,0.1530217048788195,2.8921295111879166,598,74
1,A4_WDI_PCA_inter,RandomForest,4.182623570784094,3.17804694565756,0.9454010568223227,0.8320807918745462,346,74
2,A4_WDI_PCA_inter,RandomForest,3.083016938471424,2.166054040735399,0.9629431428801379,0.5936582278027622,409,74
3,A4_WDI_PCA_inter,RandomForest,5.000933904015056,3.786744649559919,0.7829984462161301,1.1598506264179467,472,74
4,A4_WDI_PCA_inter,RandomForest,2.936501350184195,2.3748095588162776,0.9373954568985012,0.7777340569879473,535,74
5,A4_WDI_PCA_inter,RandomForest,4.756000004732602,2.9722747805178193,0.820110458512068,0.9996110857977671,598,74
1,A4_WDI_PCA_inter,XGBoost,3.4548452729820234,2.2852044675842773,0.9627484901853561,0.5983154986369617,346,74
2,A4_WDI_PCA_inter,XGBoost,2.3392400433340046,1.5802451667749444,0.9786662922861464,0.4331034810576518,409,74
3,A4_WDI_PCA_inter,XGBoost,3.2026214385698983,2.228762338883469,0.9110037254191795,0.6826526830086476,472,74
4,A4_WDI_PCA_inter,XGBoost,2.8438745007087887,2.115294369795359,0.9412826705495098,0.6927445890712706,535,74
5,A4_WDI_PCA_inter,XGBoost,3.813812896082852,2.2277224977387355,0.8843246058527643,0.7492093663132909,598,74
1,A4_WDI_PCA_inter,SARIMAX,2.638925451337466,1.9016641260960818,0.9782659371350617,0.49789641845395954,346,74
2,A4_WDI_PCA_inter,SARIMAX,2.2127066932336192,1.483666416847685,0.9809118226897374,0.4066337954233279,409,74
3,A4_WDI_PCA_inter,SARIMAX,2.4664030462261572,1.7509108560579774,0.9472176514224413,0.5362904661228847,472,74
4,A4_WDI_PCA_inter,SARIMAX,1.8626272334460199,1.2989915015129267,0.9748117881377928,0.42541092472614195,535,74
5,A4_WDI_PCA_inter,SARIMAX,3.4379316373959625,1.9248696122100386,0.9060024151192736,0.6473563668111432,598,74
1,A4_WDI_PCA_inter,LSTM,2.742411116300985,2.0952278877877872,0.9765279081084679,0.5485755590899156,346,74
2,A4_WDI_PCA_inter,LSTM,1.7908108783341918,1.3589850255264546,0.9874969430568658,0.3724619177047949,409,74
3,A4_WDI_PCA_inter,LSTM,2.1288741059367067,1.5776576430435207,0.9606757386861635,0.4832243456842929,472,74
4,A4_WDI_PCA_inter,LSTM,2.000026044824055,1.521471314528887,0.9709586538704562,0.4982715576693028,535,74
5,A4_WDI_PCA_inter,LSTM,2.766175245309871,1.6425055638100297,0.9391470547032351,0.5523940050330667,598,74
1,A4_WDI_PCA_inter,Bayes_Partial,11.960251903482506,9.241023573202728,0.5535556522496512,2.419497994838748,346,74
2,A4_WDI_PCA_inter,Bayes_Partial,9.851427768837999,8.042535864109572,0.6216313754463746,2.204246753929761,409,74
3,A4_WDI_PCA_inter,Bayes_Partial,10.194271812202325,7.815710629095162,0.09827723835557112,2.3938917745908572,472,74
4,A4_WDI_PCA_inter,Bayes_Partial,9.342489231282231,7.1293991765102405,0.3663190483954021,2.3348299760919065,535,74
5,A4_WDI_PCA_inter,Bayes_Partial,10.094902653526113,7.306482986878031,0.1895495032923845,2.4572564554760468,598,74
1,A4_WDI_PCA_inter,Bayes_Complete,11.960251903482506,9.241023573202728,0.5535556522496512,2.419497994838748,346,74
2,A4_WDI_PCA_inter,Bayes_Complete,9.851427768837999,8.042535864109572,0.6216313754463746,2.204246753929761,409,74
3,A4_WDI_PCA_inter,Bayes_Complete,10.194271812202325,7.815710629095162,0.09827723835557112,2.3938917745908572,472,74
4,A4_WDI_PCA_inter,Bayes_Complete,9.342489231282231,7.1293991765102405,0.3663190483954021,2.3348299760919065,535,74
5,A4_WDI_PCA_inter,Bayes_Complete,10.094902653526113,7.306482986878031,0.1895495032923845,2.4572564554760468,598,74
1,A5_WDI_6WGI_inter,RandomForest,4.601270218747825,3.376476004312311,0.9339242421282006,0.8840337715125496,346,74
2,A5_WDI_6WGI_inter,RandomForest,3.3585837562329863,2.4549730880209024,0.9560226427288294,0.672843311076004,409,74
3,A5_WDI_6WGI_inter,RandomForest,5.221357927715079,3.983569965806017,0.7634474984499774,1.220136699937448,472,74
4,A5_WDI_6WGI_inter,RandomForest,3.019837299874203,2.4391251077905385,0.9337916856892711,0.7987969639673564,535,74
5,A5_WDI_6WGI_inter,RandomForest,5.020959991652481,3.2198810145076187,0.799508602194551,1.0828839843975793,598,74
1,A5_WDI_6WGI_inter,XGBoost,3.160720431251112,2.0743212177535586,0.9688212397150013,0.5431017448716233,346,74
2,A5_WDI_6WGI_inter,XGBoost,2.4588335119865152,1.6996237402104348,0.9764291627840042,0.4658219963903874,409,74
3,A5_WDI_6WGI_inter,XGBoost,3.250825294965484,2.258697684768982,0.9083045312444233,0.6918216481463907,472,74
4,A5_WDI_6WGI_inter,XGBoost,3.0502435683488973,2.223849859617883,0.932451691104124,0.7282957772474157,535,74
5,A5_WDI_6WGI_inter,XGBoost,3.8321382048274515,2.3099490939544727,0.8832102983911638,0.7768631410125292,598,74
1,A5_WDI_6WGI_inter,SARIMAX,2.638925451337466,1.9016641260960818,0.9782659371350617,0.49789641845395954,346,74
2,A5_WDI_6WGI_inter,SARIMAX,2.2127066932336192,1.483666416847685,0.9809118226897374,0.4066337954233279,409,74
3,A5_WDI_6WGI_inter,SARIMAX,2.4664030462261572,1.7509108560579774,0.9472176514224413,0.5362904661228847,472,74
4,A5_WDI_6WGI_inter,SARIMAX,1.8626272334460199,1.2989915015129267,0.9748117881377928,0.42541092472614195,535,74
5,A5_WDI_6WGI_inter,SARIMAX,3.4379316373959625,1.9248696122100386,0.9060024151192736,0.6473563668111432,598,74
1,A5_WDI_6WGI_inter,LSTM,2.8889618868722455,2.23540885110675,0.9739522448891382,0.585277939186458,346,74
2,A5_WDI_6WGI_inter,LSTM,1.8276812426199855,1.4047857114339135,0.9869768011790286,0.3850146765541271,409,74
3,A5_WDI_6WGI_inter,LSTM,2.1795167992254965,1.632071656669587,0.9587825560653714,0.4998909376071051,472,74
4,A5_WDI_6WGI_inter,LSTM,1.9661958101849304,1.4855789115442488,0.9719328075020031,0.4865170386239091,535,74
5,A5_WDI_6WGI_inter,LSTM,2.808436646093586,1.6345857360194604,0.9372734380110669,0.5497304734817601,598,74
1,A5_WDI_6WGI_inter,Bayes_Partial,11.967483910495323,9.289126937667492,0.5530155858989402,2.4320924864495033,346,74
2,A5_WDI_6WGI_inter,Bayes_Partial,10.093622756755723,8.188284347979371,0.6027984818087704,2.2441925655355086,409,74
3,A5_WDI_6WGI_inter,Bayes_Partial,10.15214784718309,7.634558773588462,0.10571389714569301,2.3384063609887975,472,74
4,A5_WDI_6WGI_inter,Bayes_Partial,9.432593829361519,7.180930811183367,0.3540369022318173,2.351706237663604,535,74
5,A5_WDI_6WGI_inter,Bayes_Partial,9.993972948682318,7.337148236035327,0.20567439678584432,2.4675695406616107,598,74
1,A5_WDI_6WGI_inter,Bayes_Complete,11.967483910495323,9.289126937667492,0.5530155858989402,2.4320924864495033,346,74
2,A5_WDI_6WGI_inter,Bayes_Complete,10.093622756755723,8.188284347979371,0.6027984818087704,2.2441925655355086,409,74
3,A5_WDI_6WGI_inter,Bayes_Complete,10.15214784718309,7.634558773588462,0.10571389714569301,2.3384063609887975,472,74
4,A5_WDI_6WGI_inter,Bayes_Complete,9.432593829361519,7.180930811183367,0.3540369022318173,2.351706237663604,535,74
5,A5_WDI_6WGI_inter,Bayes_Complete,9.993972948682318,7.337148236035327,0.20567439678584432,2.4675695406616107,598,74
